coverage_pct,random_attack_rate,degree_attack_rate,betweenness_attack_rate
2.0,0.2633673469387755,0.02602040816326531,0.017755102040816328
5.0,0.21407017543859647,0.01431578947368421,0.013719298245614036
10.0,0.15596296296296294,0.00922222222222222,0.010333333333333335
15.0,0.1375686274509804,0.009372549019607844,0.008470588235294119
20.0,0.12891666666666668,0.007750000000000002,0.009333333333333332
30.0,0.10238095238095239,0.008714285714285713,0.00880952380952381
