coverage_pct,random_attack_rate,degree_attack_rate,betweenness_attack_rate
2.0,0.213843537414966,0.024727891156462584,0.022448979591836733
5.0,0.2162105263157895,0.016877192982456143,0.012596491228070177
10.0,0.1618888888888889,0.00911111111111111,0.014851851851851849
15.0,0.12729411764705884,0.00952941176470588,0.010862745098039216
20.0,0.11195833333333334,0.008500000000000002,0.009999999999999998
30.0,0.0745238095238095,0.008571428571428572,0.00857142857142857
